Discount,Vendor Code,Vendor Name,Vendor,Payment Terms,Deposit Required,Prepay G,Prepay H,Net Days (Due post ERD)
,A-BZ-00001 ,Acrevi,A-BZ-00001 Acrevi,50/50 (Net 0),50%,100%,50%,0
,A-CN-00003 ,Alli Products,A-CN-00003 Alli Products,NET30,0%,0%,0%,30
,A-HK-00007,Alexon Electrical Products Ltd.,A-HK-00007 Alexon Electrical Products Ltd.,30-70 (Net 0),30%,100%,70%,0
,A-IN-00003,Ascent Meditech Limited,A-IN-00003 Ascent Meditech Limited,Net 30,0%,0%,0%,30
,A-TW-00001 ,Aplus,A-TW-00001 Aplus,30-70 (Net 0),30%,100%,70%,0
,A-TW-00002,All Best Product,A-TW-00002 All Best Product,30-70 (Net 0),30%,100%,70%,0
,A-TW-00003,"A'Striker Enterprise Co., Ltd.","A-TW-00003 A'Striker Enterprise Co., Ltd.",Net 30,0%,0%,0%,30
,A-US-00003,ADF Accessories,A-US-00003 ADF Accessories,30-70 (Net 0),30%,100%,70%,0
,A-US-00016 ,Accord Carton,A-US-00016 Accord Carton,NET 30,0%,0%,0%,30
,A-US-00026,Adams Mfg. Corp.,A-US-00026 Adams Mfg. Corp.,Net 60,0%,0%,0%,60
,A-US-00030 ,"Aire-Master of America, Inc.","A-US-00030 Aire-Master of America, Inc.",30-70 (Net 0),30%,100%,70%,0
,A-US-00032,"Ambrose Continental, LLC dba Hudson Associates","A-US-00032 Ambrose Continental, LLC dba Hudson Associates",30-70 (Net 0),30%,100%,70%,0
,A-VT-00001,An Phu Quy Import Export Trading Company Limited,A-VT-00001 An Phu Quy Import Export Trading Company Limited,30-70 (Net 0),30%,100%,70%,0
,B-CN-00012,Beeland,B-CN-00012 Beeland,30-70 (Net 0),30%,100%,70%,0
,B-CN-00013,"Bonet Houseware Co., LTD","B-CN-00013 Bonet Houseware Co., LTD",30-70 (Net 0),30%,100%,70%,0
,B-KH-00001 ,"Baozan Industrial Co., Limited","B-KH-00001 Baozan Industrial Co., Limited",NET 30,0%,0%,0%,30
,B-US-00016 ,Bormioli Rocco Glass Co. (GC),B-US-00016 Bormioli Rocco Glass Co. (GC),50/50 (Net 0),50%,100%,50%,0
,B-US-00017,Berlin Packaging LLC,B-US-00017 Berlin Packaging LLC,NET30,0%,0%,0%,30
,B-US-00022 ,"BHI / Bissell Better Life, LLC","B-US-00022 BHI / Bissell Better Life, LLC",Net 30,0%,0%,0%,30
,B-US-00023 ,Bay Converting Inc.,B-US-00023 Bay Converting Inc.,30/70 (Net 30),30%,30%,0%,30
,C-CN-00003 ,Caitang Boxing Hardware Factory,C-CN-00003 Caitang Boxing Hardware Factory,30/70 (Net 30),30%,30%,0%,30
,C-CN-00006 ,"Chang Chuan Enterprise Co., LTD.","C-CN-00006 Chang Chuan Enterprise Co., LTD.",40-60 (Net 0),40%,100%,60%,0
,C-CN-00010 ,"Changzhou Sulan Electronic Commerce Co., Ltd.","C-CN-00010 Changzhou Sulan Electronic Commerce Co., Ltd.",30-70 (Net 0),30%,100%,70%,0
,C-CN-00028 ,"CangNan TaiYon Gifts And Crafts Co.,Ltd","C-CN-00028 CangNan TaiYon Gifts And Crafts Co.,Ltd",30-70 (Net 0),30%,100%,70%,0
,C-CN-00030,Cooltex,C-CN-00030 Cooltex,Net 30,0%,0%,0%,30
,C-DE-00001 ,Creartour,C-DE-00001 Creartour,30/70,30%,100%,70%,0
,C-IN-00001 ,Creative Textile Mills Pvt. Ltd.,C-IN-00001 Creative Textile Mills Pvt. Ltd.,Net 0,0%,100%,0%,0
,C-US-00001,Chempace Corporation,C-US-00001 Chempace Corporation,NET 30,0%,0%,0%,30
,C-US-00019,Cathay Home Inc,C-US-00019 Cathay Home Inc,Net 30,0%,0%,0%,30
,C-US-00025 ,Custom Quest,C-US-00025 Custom Quest,PIA 50-50,50%,100%,50%,0
,C-US-00030,Consolidated Label Co.,C-US-00030 Consolidated Label Co.,30/70 (Net 30),30%,30%,0%,30
,C-US-00033 ,Cosmedx Bio LLC,C-US-00033 Cosmedx Bio LLC,Net 30,0%,0%,0%,30
,C-US-00034 ,"CMC Group, Inc. (Century Label)","C-US-00034 CMC Group, Inc. (Century Label)",Net 30,0%,0%,0%,30
,D-CN-00002 ,"DongGuan ShengYan Industrial Co., Ltd.,","D-CN-00002 DongGuan ShengYan Industrial Co., Ltd.,",30-70 (Net 0),30%,100%,70%,0
,D-CN-00027 ,Dongguan Yuda Garmets Factory,D-CN-00027 Dongguan Yuda Garmets Factory,30-70 (Net 0),30%,100%,70%,0
,D-CN-00035,Dongguan FEDI Model Technology Co,D-CN-00035 Dongguan FEDI Model Technology Co,30-70 (Net 0),30%,100%,70%,0
,D-CN-00040 ,"Dongguan Huixin Garment Accessories Co., Ltd.","D-CN-00040 Dongguan Huixin Garment Accessories Co., Ltd.",Net 30,0%,0%,0%,30
,D-CN-00041,"Dongtai Langsha Marine Equipment Co.,Ltd","D-CN-00041 Dongtai Langsha Marine Equipment Co.,Ltd",Net 30,0%,0%,0%,30
,D-CN-00042 ,"Dongguan Luli Industrial Co., Ltd","D-CN-00042 Dongguan Luli Industrial Co., Ltd",Net 60,0%,0%,0%,60
,D-IN-00001,Dewan & Sons,D-IN-00001 Dewan & Sons,Net 30,0%,0%,0%,30
,D-IN-00002 ,Dewan India,D-IN-00002 Dewan India,Net 30,0%,0%,0%,30
,D-PL-00001 ,Dary Natury" Sp. z o.o.,D-PL-00001 Dary Natury" Sp. z o.o.,70-30 (Net 0),70%,100%,30%,0
,E-CN-00011,Yangjiang Jiangcheng EGO Houseware Limited,E-CN-00011 Yangjiang Jiangcheng EGO Houseware Limited,30-70 (Net 0),30%,100%,70%,0
,E-CN-00012 ,7 Easy Houseware Ltd,E-CN-00012 7 Easy Houseware Ltd,Net 30,0%,0%,0%,30
,E-CN-00013 ,"East West Packaging Solutions Co., Limited","E-CN-00013 East West Packaging Solutions Co., Limited",50/50 (Net 0),50%,100%,50%,0
,E-HK-00001,East West Source Bridge Ltd.,E-HK-00001 East West Source Bridge Ltd.,30/70 (Net 30),30%,30%,0%,30
,F-AT-00001,Freeeway AG,F-AT-00001 Freeeway AG,,,,0%,
,F-CN-00004 ,"Fungho Industries (Group) Co., Limited","F-CN-00004 Fungho Industries (Group) Co., Limited",30-70 (Net 0),30%,100%,70%,0
,F-CN-00020 ,"Foshan Nanhai Zhongde Knitting Socks Co.,Ltd.","F-CN-00020 Foshan Nanhai Zhongde Knitting Socks Co.,Ltd.",30-70 (Net 0),30%,100%,70%,0
,F-CN-00022 ,"Fullwin Household Products Co., Limited","F-CN-00022 Fullwin Household Products Co., Limited",30-70 (Net 0),30%,100%,70%,0
,F-CN-00025 ,"Fuzhou Riversuny Waterproof Garments & Bag Mfg.,LTD","F-CN-00025 Fuzhou Riversuny Waterproof Garments & Bag Mfg.,LTD",30-70 (Net 0),30%,100%,70%,0
,G-CN-00004,"DongGuan Panther Sporting Goods Co.,Ltd.","G-CN-00004 DongGuan Panther Sporting Goods Co.,Ltd.",30/70 (Net 30),30%,30%,0%,30
,G-CN-00015 ,"Guangzhou Perfect Link Cosmetic Co., Ltd","G-CN-00015 Guangzhou Perfect Link Cosmetic Co., Ltd",30-70 (Net 30),30%,30%,0%,30
,G-CN-00018 ,"Guangzhou Idealpak Co., Ltd","G-CN-00018 Guangzhou Idealpak Co., Ltd",PIA 50-50,50%,100%,50%,0
,G-CN-00022 ,Guangzhou S-up kids Co ltd,G-CN-00022 Guangzhou S-up kids Co ltd,30-70 (Net 0),30%,100%,70%,0
,G-CN-00023 ,"Guangdong Jinda Hardware Product Co., LTD","G-CN-00023 Guangdong Jinda Hardware Product Co., LTD",20-80 (0),20%,100%,80%,0
,G-MX-00001,Guala Dispensing Mexico SA DE CV,G-MX-00001 Guala Dispensing Mexico SA DE CV,100% Prepay,100%,100%,0%,0
,G-US-00013,GLH Chemical,G-US-00013 GLH Chemical,NET 30,0%,0%,0%,30
,H-CN-00002,"Hangzhou Yingmaode Housewares Co., Ltd","H-CN-00002 Hangzhou Yingmaode Housewares Co., Ltd",Net 30,0%,0%,0%,30
,H-CN-00013 ,"HEALTH CARE CO., LTD.","H-CN-00013 HEALTH CARE CO., LTD.",30-70 (Net 0),30%,100%,70%,0
,H-CN-00017,"Hzsamko Technologies Co., Ltd.","H-CN-00017 Hzsamko Technologies Co., Ltd.",Net 30,0%,0%,0%,30
,H-CN-00018 ,ADF Accessories,H-CN-00018 ADF Accessories,30-70 (Net 0),30%,100%,70%,0
,H-CN-00025,"Hangzhou Zhongzhi Industry CO.,LTD","H-CN-00025 Hangzhou Zhongzhi Industry CO.,LTD",30-70 (Net 0),30%,100%,70%,0
,H-CN-00046,Hangzhou Rich Home,H-CN-00046 Hangzhou Rich Home,30-70 (Net 0),30%,100%,70%,0
,H-CN-00049,"Hangzhou Huayi Home textile Co.,Ltd","H-CN-00049 Hangzhou Huayi Home textile Co.,Ltd",Net 30,0%,0%,0%,30
,H-CN-00056 ,"Hangzhou EasyPlus Technology Co., Ltd.","H-CN-00056 Hangzhou EasyPlus Technology Co., Ltd.",10-90 (Net 0),10%,100%,90%,0
,H-CN-00060 ,"Hangzhou Jinhong Sanniao Down Products CO.,Ltd","H-CN-00060 Hangzhou Jinhong Sanniao Down Products CO.,Ltd",30-70 (Net 60),30%,30%,0%,60
,H-CN-00066,Hebei Hodaf Medical Devices,H-CN-00066 Hebei Hodaf Medical Devices,30/70,30%,100%,70%,0
,H-CN-00067,"Hangzhou Kanluck Trading Co., Ltd.","H-CN-00067 Hangzhou Kanluck Trading Co., Ltd.",30-70 (Net 0),30%,100%,70%,0
,H-CN-00071 ,Hongkong Amgo Enterprises,H-CN-00071 Hongkong Amgo Enterprises,30-70 (Net 0),30%,100%,70%,0
,H-CN-00076,"HUNAN DOUHE INTELLIGENT APPLIANCE CO.,LTD.","H-CN-00076 HUNAN DOUHE INTELLIGENT APPLIANCE CO.,LTD.",Net 30,0%,0%,0%,30
,H-HK-00001 ,"HONGKONG SHEEP ANTI-FATIGUE MAT CO.,LTD","H-HK-00001 HONGKONG SHEEP ANTI-FATIGUE MAT CO.,LTD",Net 30,0%,0%,0%,30
,H-HK-00002 ,"Hongkong MJ Win Toys Co., Limited","H-HK-00002 Hongkong MJ Win Toys Co., Limited",30-70 (Net 0),30%,100%,70%,0
,H-US-00004 ,HANS MANUFACTURER INC,H-US-00004 HANS MANUFACTURER INC,0-100 (Net 0),0%,100%,0%,0
,H-US-00017 ,Hudson Bay Living LLC,H-US-00017 Hudson Bay Living LLC,Net 30,0%,0%,0%,30
,I-CN-00007 ,"iFac (Hangzhou) Intelligent Manufacturing Co., Ltd.","I-CN-00007 iFac (Hangzhou) Intelligent Manufacturing Co., Ltd.",Net 30,0%,0%,0%,30
,I-IN-00002,Navneet Education Limited,I-IN-00002 Navneet Education Limited,Net 0,0%,100%,0%,0
,I-TW-00001,IPI Sports & Leisure Corporation,I-TW-00001 IPI Sports & Leisure Corporation,30-70 (Net 75),30%,30%,0%,75
,I-US-00011,Impact Manufacturing,I-US-00011 Impact Manufacturing,Net 45,0%,0%,0%,45
,I-US-00016 ,"Innovative Packaging Solutions, Inc","I-US-00016 Innovative Packaging Solutions, Inc",0-100 (Net 0),0%,100%,0%,0
,J-CN-00003 ,"JINHUA DKS SPORTS GOODS CO.,LTD","J-CN-00003 Jinhua DKS Sports Goods Co., Ltd",Net 30,0%,0%,0%,30
,J-CN-00017,"Jieyang Fengxing Stainless Steel Products Co., Ltd.","J-CN-00017 Jieyang Fengxing Stainless Steel Products Co., Ltd.",Net 30,0%,0%,0%,30
,J-CN-00020,"Jake Houseware Co., Ltd","J-CN-00020 Jake Houseware Co., Ltd",30-70 (Net 0),30%,100%,70%,0
,J-CN-00022 ,Jiangmen City Jasion Houseware Company Limited,J-CN-00022 Jiangmen City Jasion Houseware Company Limited,30-70 (Net 0),30%,100%,70%,0
,J-CN-00035,Jinhua Childhood Toys Factory,J-CN-00035 Jinhua Childhood Toys Factory,30-70 (Net 0),30%,100%,70%,0
,J-CN-00039,"Jiangyin Mingde Sports Goods Co.,Ltd","J-CN-00039 Jiangyin Mingde Sports Goods Co.,Ltd",10/ 90 net 30 against B/L copy.,10%,10%,0%,30
,J-CN-00040 ,Jiangsu Jilong Sport and Leisure Products Co. LTD,J-CN-00040 Jiangsu Jilong Sport and Leisure Products Co. LTD,30-70 (Net 30),30%,30%,0%,30
,J-CN-00041 ,"Jiaxing Deyong Textiles Co., Ltd","J-CN-00041 Jiaxing Deyong Textiles Co., Ltd",Net 30,0%,0%,0%,30
,K-CN-00004 ,Kaida,K-CN-00004 Kaida,30-70 (Net 0),30%,100%,70%,0
,K-CN-00005,Kirlin,K-CN-00005 Kirlin,40-60 (Net 0),40%,100%,60%,0
,K-CN-00007 ,Ningbo Kinggle Machinery Co. Ltd.,K-CN-00007 Ningbo Kinggle Machinery Co. Ltd.,40/60,40%,100%,60%,0
,K-CN-00011 ,"Kunshan Keyan New Material Tech Co.,Ltd","K-CN-00011 Kunshan Keyan New Material Tech Co.,Ltd",50/50 (Net 0),50%,100%,50%,0
,K-IN-00001,Kraftwares LTD,K-IN-00001 Kraftwares LTD,30/70,30%,100%,70%,0
,K-IN-00001 ,Kraftwares LTD,K-IN-00001 Kraftwares LTD,30/70,30%,100%,70%,0
,K-PK-00001 ,KIMBEL ENTERPRISES (PVT) LTD.,K-PK-00001 KIMBEL ENTERPRISES (PVT) LTD.,Net 30,0%,0%,0%,30
,K-VT-00001,Kim Duc,K-VT-00001 Kim Duc,Net 30,0%,0%,0%,30
,L-CN-00005,"Zhejiang Rifeng Electrical Appliance Co.,Ltd","L-CN-00005 Zhejiang Rifeng Electrical Appliance Co.,Ltd",30/70 (Net 30),30%,30%,0%,30
,L-CN-00008 ,"Luoyang Jin Feng Office Furniture Co., Ltd","L-CN-00008 Luoyang Jin Feng Office Furniture Co., Ltd",30-70 (Net 20),30%,30%,0%,20
,L-CN-00012,Lumi Legend Corporation,L-CN-00012 Lumi Legend Corporation,30-70 (Net 0),30%,100%,70%,0
,L-CN-00013 ,Layo,L-CN-00013 Layo,100% Before Shipment,0%,100%,0%,0
,L-CN-00018,"Langfang Yuxin Jingyi Metal Product Co., Ltd","L-CN-00018 Langfang Yuxin Jingyi Metal Product Co., Ltd",30-70 (Net 0),30%,100%,70%,0
,L-CN-00019 ,Linyi Junxing Sports Equipment,L-CN-00019 Linyi Junxing Sports Equipment,30-70 (Net 0),30%,100%,70%,0
,L-KR-00001 ,Locksy,L-KR-00001 Locksy,10-90 (Net 0),10%,100%,90%,0
,L-UK-00009,Lothian Labels Ltd,L-UK-00009 Lothian Labels Ltd,NET 30,0%,0%,0%,30
,L-US-00013 ,Lief Labs,L-US-00013 Lief Labs,30/70(Net15),30%,30%,0%,15
,M-CN-00003 ,"Moncanol - ZHEJIANG MONCANOL HOME TEXTILES CO., LTD.","M-CN-00003 Moncanol - ZHEJIANG MONCANOL HOME TEXTILES CO., LTD.",Net 30,0%,0%,0%,30
,M-CN-00008 ,Mingkeda Industries,M-CN-00008 Mingkeda Industries,NET 30 ,0%,0%,0%,30
,M-CN-00012 ,MegPack,M-CN-00012 MegPack,30-70 (Net 0),30%,100%,70%,0
,M-CN-00014,"Guangzhou Junguang Technology Co., Ltd.","M-CN-00014 Guangzhou Junguang Technology Co., Ltd.",Net 30,0%,0%,0%,30
,M-CZ-00001 ,Marvinpac CZ s.r.o.,M-CZ-00001 Marvinpac CZ s.r.o.,50/50 (Net 30),50%,50%,0%,30
,M-IN-00001,Marvel Fragrances Company,M-IN-00001 Marvel Fragrances Company,Net 30,0%,0%,0%,30
,M-TW-00001,Mandarin Hinting,M-TW-00001 Mandarin Hinting,30% / 70%(N30),30%,30%,0%,20
,M-UK-00001 ,MediaPrint EK Ltd,M-UK-00001 MediaPrint EK Ltd,NET14,0%,0%,0%,14
,N-CN-00003,"Ningbo Zhe Kai Electric Appliance Co., Ltd","N-CN-00003 Ningbo Zhe Kai Electric Appliance Co., Ltd",80/20 Net 30,80%,80%,0%,35
,N-CN-00013,"Nantong Jinruite Sports Goods Co., Ltd","N-CN-00013 Nantong Jinruite Sports Goods Co., Ltd",Net 30,0%,0%,0%,30
,N-CN-00026 ,"Nantong Hengwei Polyurethane Products Co, Ltd.","N-CN-00026 Nantong Hengwei Polyurethane Products Co, Ltd.",Net 30,0%,0%,0%,30
,N-CN-00044 ,Natural House/ Fujian Newmark Industrial Co. Ltd.,N-CN-00044 Natural House/ Fujian Newmark Industrial Co. Ltd.,30/70 (Net 30),30%,30%,0%,30
,N-CN-00049 ,"Ningbo Longchen Magnetics Co., Ltd.","N-CN-00049 Ningbo Longchen Magnetics Co., Ltd.",30-70 (Net 0),30%,100%,70%,0
,N-CN-00051 ,"Ningbo QSR Auto Parts IMP & EXP Co., Ltd","N-CN-00051 Ningbo QSR Auto Parts IMP & EXP Co., Ltd",Net 30,0%,0%,0%,30
,N-CN-00054 ,"Ningbo Winsing Union Co., Ltd","N-CN-00054 Ningbo Winsing Union Co., Ltd",30/70 (Net 30),30%,30%,0%,30
,N-CN-00055,"Ningbo Brightenlux Electric Appliance Co.,Ltd","N-CN-00055 Ningbo Brightenlux Electric Appliance Co.,Ltd",NET 30,0%,0%,0%,30
,N-CN-00056 ,"Ningbo Mika Import & Export Co., Ltd","N-CN-00056 Ningbo Mika Import & Export Co., Ltd",Net 30,0%,0%,0%,30
,N-CN-00057,"Ningbo Messi Lighting Electric CO., LTD","N-CN-00057 Ningbo Messi Lighting Electric CO., LTD",30-70 (Net 0),30%,100%,70%,0
,N-CN-00062 ,"Ningbo J&T International Trading Co.,Ltd","N-CN-00062 Ningbo J&T International Trading Co.,Ltd",30-70 (Net 0),30%,100%,70%,0
,N-CN-00064 ,"Ningbo Hunter Import & Export Co., LTD","N-CN-00064 Ningbo Hunter Import & Export Co., LTD",30-70 (Net 0),30%,100%,70%,0
,N-CN-00067 ,"Ningbo Happy Stone Outdoors Co., Ltd.","N-CN-00067 Ningbo Happy Stone Outdoors Co., Ltd.",30-70 (Net 0),30%,100%,70%,0
,N-CN-00071 ,Nippon Seal,N-CN-00071 Nippon Seal,Net 60,0%,0%,0%,60
,N-CN-00074 ,"Ninghai Yunmao Industrial Co., Ltd.","N-CN-00074 Ninghai Yunmao Industrial Co., Ltd.",30/70 (Net 30),30%,30%,0%,30
,N-CN-00075 ,"Ningbo Cetus Electric Appliance Co.,Ltd.","N-CN-00075 Ningbo Cetus Electric Appliance Co.,Ltd.",Net 30,0%,0%,0%,30
,N-IN-00001,Nirvana Hammocks Private Limited,N-IN-00001 Nirvana Hammocks Private Limited,30-70 (Net 0),30%,100%,70%,0
,N-US-00009 ,Northstar Group,N-US-00009 Northstar Group,100% Prepay,100%,100%,0%,0
,O-IN-00001 ,Oberoi International,O-IN-00001 Oberoi International,30/70,30%,100%,70%,0
,O-UK-00002,OPM Group,O-UK-00002 OPM Group,NET 30,0%,0%,0%,30
,P-CN-00004 ,"Pretty Arts Products CO., Ltd | Pretty Arts Import & Export Co.,Ltd.","P-CN-00004 Pretty Arts Products CO., Ltd | Pretty Arts Import & Export Co.,Ltd.",30/70 (Net 30),30%,30%,0%,30
,P-DK-00001,Pack Tech A/S (AL Finans AS),P-DK-00001 Pack Tech A/S (AL Finans AS),50/50 (Net 30),50%,50%,0%,30
,P-HK-00002 ,Pengxin Enterprises Inc. Saipan USA LTD,P-HK-00002 Pengxin Enterprises Inc. Saipan USA LTD,30/70,30%,100%,70%,0
,P-IN-00001 ,Polco Creations Pvt. Ltd.,P-IN-00001 Polco Creations Pvt. Ltd.,Net 30,0%,0%,0%,30
,P-UK-00007,Professional Beauty Systems ltd,P-UK-00007 Professional Beauty Systems ltd,100% Prepay,0%,100%,0%,0
,P-US-00001 ,Pioneer Printing,P-US-00001 Pioneer Printing,100% Before Shipment,0%,0%,0%,0
,P-US-00017,Robert Colletti,P-US-00017 Robert Colletti,30/70 (Net 30),30%,30%,0%,30
,P-US-00017 ,Packaging Upgraded LLC,P-US-00017 Packaging Upgraded LLC,Net 30,0%,0%,0%,30
,P-US-00018,PCI Inc.,P-US-00018 PCI Inc.,50/50 (Net 30),50%,50%,0%,30
,P-US-00018,PCI Manufacturing LLC,P-US-00018 PCI Manufacturing LLC,50/50 (Net 30),50%,50%,0%,30
,Q-CN-00024,Qingdao Pafic,Q-CN-00024 Qingdao Pafic,Net 30,0%,0%,0%,30
,Q-CN-00031 ,"Qingdao Easylife Housewares Co., Ltd","Q-CN-00031 Qingdao Easylife Housewares Co., Ltd",30-70 (Net 0),30%,100%,70%,0
,Q-CN-00032 ,"Quzhou Sanhe Outdoor Equipment Technology Co., LTD","Q-CN-00032 Quzhou Sanhe Outdoor Equipment Technology Co., LTD",Net 30,0%,0%,0%,30
,Q-PK-00001 ,QST International,Q-PK-00001 QST International,Net 30,0%,0%,0%,30
,QST Interna,tional,QST International,Net 30,0%,0%,0%,30
,R-CN-00037,"Riverhobby Tech. (Shenzhen) Co., Ltd.","R-CN-00037 Riverhobby Tech. (Shenzhen) Co., Ltd.",30-70 (Net 0),30%,100%,70%,0
,R-UK-00003 ,Recycled Packaging Ltd / ACC Packaging Ltd.,R-UK-00003 Recycled Packaging Ltd / ACC Packaging Ltd.,NET 30,0%,0%,0%,30
,S-CN-00003,"Shenzhen Sinowin Wine Accessories Co., Ltd.","S-CN-00003 Shenzhen Sinowin Wine Accessories Co., Ltd.",30-70 (Net 0),30%,100%,70%,0
,S-CN-00015,"Shanghai Zhensheng Sports Goods Co.,Ltd","S-CN-00015 Shanghai Zhensheng Sports Goods Co.,Ltd",Net 30,0%,0%,0%,30
,S-CN-00017 ,"Suzhou Pinotec Co., Ltd.","S-CN-00017 Suzhou Pinotec Co., Ltd.",Net 30,0%,0%,0%,30
,S-CN-00020 ,"Shanghai HiFly Industry Co.,Ltd","S-CN-00020 Shanghai HiFly Industry Co.,Ltd",30-70 (Net 0),30%,100%,70%,0
,S-CN-00024 ,Suzhou Dobetter Trading Co Ltd,S-CN-00024 Suzhou Dobetter Trading Co Ltd,30-70 (Net 0),30%,100%,70%,0
,S-CN-00029 ,"SHENZHEN HOSTWEIGH ELECTRONIC TECHNOLOGY CO.,LTD","S-CN-00029 SHENZHEN HOSTWEIGH ELECTRONIC TECHNOLOGY CO.,LTD",30-70 (Net 0),30%,100%,70%,0
,S-CN-00042 ,Sanvast International Inc,S-CN-00042 Sanvast International Inc,30-70 (Net 0),30%,100%,70%,0
,S-CN-00053 ,"SUZHOU K-SHIBU IMPORT&EXPORT CO.,LTD","S-CN-00053 SUZHOU K-SHIBU IMPORT&EXPORT CO.,LTD",Net 30,0%,0%,0%,30
,S-CN-00059 ,"Shenzhen Security Group Corp., Ltd","S-CN-00059 Shenzhen Security Group Corp., Ltd",40-60 (Net 0),40%,100%,60%,0
,S-CN-00061 ,"SUZHOU KUDI TRADE CO.,LTD","S-CN-00061 SUZHOU KUDI TRADE CO.,LTD",Net 30,0%,0%,0%,30
,S-CN-00067,Shanghai Toptzon International Industry Co Ltd,S-CN-00067 Shanghai Toptzon International Industry Co Ltd,,,,0%,
,S-CN-00071 ,SundyArt,S-CN-00071 SundyArt,30-70 (Net 0),30%,100%,70%,0
,S-CN-00078,"SOHOT Electrical Appliances Co., Ltd","S-CN-00078 SOHOT Electrical Appliances Co., Ltd",NET 30,0%,0%,0%,30
,S-CN-00079 ,Shenzhen Bolesic,S-CN-00079 Shenzhen Bolesic,20-80 (0),15%,85%,0%,0
,S-CN-00081 ,Shenzhen Jinhao Color Printing,S-CN-00081 Shenzhen Jinhao Color Printing,Net 30,0%,0%,0%,30
,S-CN-00082 ,Shenzhen W Color Printing/Cards,S-CN-00082 Shenzhen W Color Printing/Cards,Net 30,0%,0%,0%,30
,S-CN-00083,"Suzhou Youheng Rubber and Plastic Co., Ltd.  (U-High)","S-CN-00083 Suzhou Youheng Rubber and Plastic Co., Ltd.  (U-High)",30/70 (Net 30),30%,30%,0%,30
,S-CN-00083 ,"Suzhou Youheng Rubber and Plastic Co., Ltd. (U-High)","S-CN-00083 Suzhou Youheng Rubber and Plastic Co., Ltd. (U-High)",30/70 (Net 30),30%,30%,0%,30
,S-CN-00085,"Shenzhen YYR Technology Co., Ltd.","S-CN-00085 Shenzhen YYR Technology Co., Ltd.",30/70,30%,100%,70%,0
,S-CN-00085 ,"Shenzhen YYR Technology Co., Ltd.","S-CN-00085 Shenzhen YYR Technology Co., Ltd.",30/70,30%,100%,70%,0
,S-CN-00086 ,"Shenzhen Easter Technology Co., Ltd","S-CN-00086 Shenzhen Easter Technology Co., Ltd",50/50 (Net 0),50%,100%,50%,0
,S-CN-00089 ,"Dongguan Aimei silicone products Co.,Ltd","S-CN-00089 Dongguan Aimei silicone products Co.,Ltd",30-70 (Net 0),30%,100%,70%,0
,S-CN-00090,Shenzhen An Bi Chang Packaging Material Co. Ltd.,S-CN-00090 Shenzhen An Bi Chang Packaging Material Co. Ltd.,30-70 (Net 0),30%,100%,70%,0
,S-CN-00093 ,Secozoom,S-CN-00093 Secozoom,30-70 (Net 0),30%,100%,70%,0
,S-CN-00097,Sunrise,S-CN-00097 Sunrise,40-60 (Net 0),40%,100%,60%,0
,S-CN-00108,"Shanghai Wenshan lndustrial Co.,Ltd","S-CN-00108 Shanghai Wenshan lndustrial Co.,Ltd",30-70 (Net 0),30%,100%,70%,0
,S-CN-00110 ,"Suzhou East-Start Musical Instruments Co., Ltd","S-CN-00110 Suzhou East-Start Musical Instruments Co., Ltd",30-70 (Net 0),30%,100%,70%,0
,S-CN-00127 ,"Sincere Technology Co.,Limited","S-CN-00127 Sincere Technology Co.,Limited",30-70 (Net 0),30%,100%,70%,0
,S-CN-00138,"Shandong Yesheng Glass Co.,Ltd","S-CN-00138 Shandong Yesheng Glass Co.,Ltd",30-70 (Net 0),30%,100%,70%,0
,S-CN-00150 ,"SHENZHEN Valueplus2 ELECTRONIC CORP.,LTD","S-CN-00150 SHENZHEN Valueplus2 ELECTRONIC CORP.,LTD",30/70 (Net 30),30%,30%,0%,30
,S-CN-00150 ,"SHENZHEN Valueplus2  ELECTRONIC CORP.,LTD","S-CN-00150 SHENZHEN Valueplus2  ELECTRONIC CORP.,LTD",30/70 (Net 30),30%,30%,0%,30
,S-CN-00151 ,"Shaoxing DL Healthcare Co., Ltd","S-CN-00151 Shaoxing DL Healthcare Co., Ltd",30-70 (Net 0),30%,100%,70%,0
,S-CN-00160,"Suzhou Yunchengyun Technology Co.,Ltd.","S-CN-00160 Suzhou Yunchengyun Technology Co.,Ltd.",Net 30,0%,0%,0%,30
,S-CN-00161 ,"Shanghai Chuangshi Medical Technology (Group) Co.,Ltd","S-CN-00161 Shanghai Chuangshi Medical Technology (Group) Co.,Ltd",30/70 (Net 0),30%,100%,70%,0
,S-HK-00001 ,SellWell International Enterprises Ltd.,S-HK-00001 SellWell International Enterprises Ltd.,Net 30,0%,0%,0%,30
,S-HK-00003,Sienna NV LLC,S-HK-00003 Sienna NV LLC,33/33/33 Net 60,30%,66%,36%,60
,S-IN-00002,S Duraisamy and Sons,S-IN-00002 S Duraisamy and Sons,Net 30,0%,0%,0%,30
,S-JP-00001 ,"Sugimoto Seicha Co., Ltd.","S-JP-00001 Sugimoto Seicha Co., Ltd.",Net 30,0%,0%,0%,30
,S-UK-00007 ,Sleeve Solutions,S-UK-00007 Sleeve Solutions,30/70 (Net 30),30%,30%,0%,30
,S-US-00022,Specialty Mattress,S-US-00022 Specialty Mattress,30-70 (Net 30),30%,30%,0%,30
,S-US-00024,Sanco Industries,S-US-00024 Sanco Industries,Net 0,0%,100%,0%,0
,S-US-00045 ,Sontara庐 North America,S-US-00045 Sontara庐 North America,NET 30,0%,0%,0%,30
,S-US-00046,"Sealpak Associates, Inc.","S-US-00046 Sealpak Associates, Inc.",NET 30,0%,0%,0%,30
,S-VT-00001 ,Sadaco,S-VT-00001 Sadaco,30-70 (Net 7),30%,30%,0%,7
,T-CN-00002,Trigold,T-CN-00002 Trigold,Net30,0%,0%,0%,30
,T-CN-0001 T,expack Manufacturing Limited,T-CN-0001 Texpack Manufacturing Limited,30-70 (Net 0),30%,100%,70%,0
,T-CN-00013 ,"Taixing Oriental Musical Instrument co., ltd.","T-CN-00013 Taixing Oriental Musical Instrument co., ltd.",Net 30,0%,0%,0%,30
,T-CN-00021,TJ Mark Industry Co Limited,T-CN-00021 TJ Mark Industry Co Limited,10/90 net 30,10%,10%,0%,30
,T-CN-00023 ,TaiKi Musical Instrument Corp,T-CN-00023 TaiKi Musical Instrument Corp,30-70 (Net 0),30%,100%,70%,0
,T-CN-00026,Tianjin Flourishing International Trade Co. Ltd,T-CN-00026 Tianjin Flourishing International Trade Co. Ltd,Net 30,0%,0%,0%,30
,T-CN-00027 ,"Tiantai Bebete Rubber & Plastic Co., Ltd.","T-CN-00027 Tiantai Bebete Rubber & Plastic Co., Ltd.",30-70 (Net 0),30%,100%,70%,0
,T-CN-00029 ,"Tangson Development Co., Limited","T-CN-00029 Tangson Development Co., Limited",30-70 (Net 0),30%,100%,70%,0
,T-CN-00030,"Transmart Trading Co., Limited","T-CN-00030 Transmart Trading Co., Limited",30-70 (Net 0),30%,100%,70%,0
,T-JP-00001 ,Tousuien Co. Ltd,T-JP-00001 Tousuien Co. Ltd,NET 30,0%,0%,0%,30
,T-UK-00001 ,Techtron Ltd,T-UK-00001 Techtron Ltd,30-70 (Net 0),30%,100%,70%,0
,T-US-00010,THE PAGE SEED COMPANY,T-US-00010 THE PAGE SEED COMPANY,30-70 (Net 0),30%,100%,70%,0
,T-VT-00001,Thai Thinh Phat Import Export Company Ltd,T-VT-00001 Thai Thinh Phat Import Export Company Ltd,30-70 (Net 7),30%,30%,0%,7
,U-CN-00004,"Unishine (Shanghai) Industrial Co., Ltd.","U-CN-00004 Unishine (Shanghai) Industrial Co., Ltd.",Net 30,0%,0%,0%,30
,U-US-00009,United Container Corporation,U-US-00009 United Container Corporation,NET 30,0%,0%,0%,30
,U-US-00014,ULINE,U-US-00014 ULINE,,,,0%,
,U-US-00017,United States Tape and Label Corporation (U S Tape & Label Corp),U-US-00017 United States Tape and Label Corporation (U S Tape & Label Corp),NET 30,0%,0%,0%,30
,V-VT-00001 ,Viet Tin Phat Equipment Joint Stock Company,V-VT-00001 Viet Tin Phat Equipment Joint Stock Company,30-40-30,30%,70%,40%,30
3.50%,W-CN-00005,"WUXI JHT HOMEWARES CO., LTD","W-CN-00005 WUXI JHT HOMEWARES CO., LTD",30/70 (Net 30) 3.5% discount,30%,30%,0%,30
,W-CN-00022 ,"World Bio / Shanghai World Biotech Co.,ltd","W-CN-00022 World Bio / Shanghai World Biotech Co.,ltd",30/70 (Net 30),30%,30%,0%,30
,W-CN-00023,"Wuqiang County Haiyi Musical Instrument Co., Ltd.","W-CN-00023 Wuqiang County Haiyi Musical Instrument Co., Ltd.",Net 30,0%,0%,0%,30
,W-CN-00027 ,Wenzhou Times,W-CN-00027 Wenzhou Times,30/70 (Net 30),30%,30%,0%,30
,W-CN-00028,Wuyi Easy Furniture Co. Ltd.,W-CN-00028 Wuyi Easy Furniture Co. Ltd.,Net 0,0%,100%,0%,0
,W-CN-00030,Winshow Industrial Ltd,W-CN-00030 Winshow Industrial Ltd,NET 30,0%,0%,0%,30
,W-CN-00037 ,WinWin World,W-CN-00037 WinWin World,10-90 (Net 0),10%,100%,90%,0
,W-CN-00043 ,"Wuhan Shangmite Technology Co., Ltd.","W-CN-00043 Wuhan Shangmite Technology Co., Ltd.",30-70 (Net 0),30%,100%,70%,0
,W-CN-00044,Wenzhou You Te Pet Products,W-CN-00044 Wenzhou You Te Pet Products,Net 30,0%,0%,0%,30
,W-CN-00048 ,"Workman Co., Ltd","W-CN-00048 Workman Co., Ltd",30-70 (Net 0),30%,100%,70%,0
3.50%,W-CN-00049,"Wuxi JHT Trading Co.,Ltd","W-CN-00049 Wuxi JHT Trading Co.,Ltd",30/70 (Net 30) 3.5% discount,30%,30%,0%,30
,W-HK-00001 ,Wingo,W-HK-00001 Wingo,30/70 (Net 30),30%,30%,0%,30
,W-UK-00007,Watsons Packaging,W-UK-00007 Watsons Packaging,NET 30,0%,0%,0%,30
,W-US-00011,"Wepackit,Inc.","W-US-00011 Wepackit,Inc.",Net7,0%,0%,0%,7
,X-CN-00001 ,"Xiamen FML Imp.& Exp. Co., Ltd","X-CN-00001 Xiamen FML Imp.& Exp. Co., Ltd",30-70 (Net 0),30%,100%,70%,0
,X-CN-00002 ,"Xiamen UP Umbrella Co.,Ltd","X-CN-00002 Xiamen UP Umbrella Co.,Ltd",30-70 (Net 0),30%,100%,70%,0
,X-CN-00019 ,Xiamen Vork Health Industry Co. Ltd,X-CN-00019 Xiamen Vork Health Industry Co. Ltd,30-70 (Net 0),30%,100%,70%,0
,X-CN-00026,Xinlehong Toys Factory,X-CN-00026 Xinlehong Toys Factory,30-70 (Net 0),30%,100%,70%,0
,X-CN-00027 ,"XT-Yangjiang best gift industry and Trade Co., Ltd","X-CN-00027 XT-Yangjiang best gift industry and Trade Co., Ltd",30/70 (Net 30),30%,30%,0%,30
,Y-CN-00011,"YOU SHINING INDUSTRY CO., LTD.","Y-CN-00011 YOU SHINING INDUSTRY CO., LTD.",30/70 (Net 30),30%,30%,0%,30
,Y-CN-00031,Yao Qi Garments Co. LTD,Y-CN-00031 Yao Qi Garments Co. LTD,30-70 (Net 0),30%,100%,70%,0
,Y-CN-00044 ,"Yangzhou Boli Sporting Goods CO.,LTD","Y-CN-00044 Yangzhou Boli Sporting Goods CO.,LTD",Net 30,0%,0%,0%,30
,Y-CN-00047 ,"Yuyao Ouyou Electrical Appliance Technology Co.,Ltd","Y-CN-00047 Yuyao Ouyou Electrical Appliance Technology Co.,Ltd",30-70 (Net 0),30%,100%,70%,0
,Y-CN-00054 ,"Yangjiang HomeYee Hardware Industrial Co,.Ltd","Y-CN-00054 Yangjiang HomeYee Hardware Industrial Co,.Ltd",30-70 (Net 0),30%,100%,70%,0
,Y-CN-00055 ,Yongkang Promise Import Export Co (..7802,Y-CN-00055 Yongkang Promise Import Export Co (..7802,10-90 (Net 0),10%,100%,90%,0
,Y-CN-00061 ,"Yangjiang Jiangcheng District Ruixin Kitchen Industry Co., Ltd.","Y-CN-00061 Yangjiang Jiangcheng District Ruixin Kitchen Industry Co., Ltd.",Net 30,0%,0%,0%,30
,Y-CN-00063,Yiwu Zhongyun Car Supplies,Y-CN-00063 Yiwu Zhongyun Car Supplies,Net 30,0%,0%,0%,30
,Y-CN-00064,Yiwu Zhenjia Pet Products Factory,Y-CN-00064 Yiwu Zhenjia Pet Products Factory,30-70 (Net 0),30%,100%,70%,0
,Y-CN-00066,Yiwu Miaosi General Merchandise Co,Y-CN-00066 Yiwu Miaosi General Merchandise Co,30/70 (Net 30),30%,30%,0%,30
,Y-CN-00071,"Yiwu Jiacheng Arts & Crafts Co.,Ltd/HONGKONG HAODONGSHENG GIFT LIMITED","Y-CN-00071 Yiwu Jiacheng Arts & Crafts Co.,Ltd/HONGKONG HAODONGSHENG GIFT LIMITED",30-70 (Net 0),30%,100%,70%,0
,Y-KR-00001 ,Y&K Healthcare Co Ltd,Y-KR-00001 Y&K Healthcare Co Ltd,30-70 (Net 0),30%,100%,70%,0
,Z-CN-00001 ,ZHEJIANG NEW VISION IMP AND EXP CO LTD,Z-CN-00001 ZHEJIANG NEW VISION IMP AND EXP CO LTD,Net 30,0%,0%,0%,30
,Z-CN-00007,Zhongshan Scott Clean&Purification Co.Ltd,Z-CN-00007 Zhongshan Scott Clean&Purification Co.Ltd,NET30,0%,0%,0%,30
,Z-CN-00008 ,Zhejiang Jike Industry and Trade Co.Ltd,Z-CN-00008 Zhejiang Jike Industry and Trade Co.Ltd,Net 30,0%,0%,0%,30
,Z-CN-00026,"Zhejiang Ecocom Hygiene Produts CO., LTD","Z-CN-00026 Zhejiang Ecocom Hygiene Produts CO., LTD",30-70 (Net 30),30%,30%,0%,30
,Z-CN-00028 ,"Zhejiang Lenwave Sporting Goods Co., Ltd.","Z-CN-00028 Zhejiang Lenwave Sporting Goods Co., Ltd.",Net 30,0%,0%,0%,30
,Z-CN-00033,Zhejiang Sorbo Technology,Z-CN-00033 Zhejiang Sorbo Technology,30-70 (Net 0),30%,100%,70%,0
,Z-CN-00036 ,ZFY,Z-CN-00036 ZFY,30-70 (Net 0),30%,100%,70%,0
,Z-CN-00040 ,"Zheng Xing Co., Limited","Z-CN-00040 Zheng Xing Co., Limited",30/70 (Net 30),30%,30%,0%,30
,Z-CN-00045,"Zhejiang Steel Industry And Trade Co.,Ltd","Z-CN-00045 Zhejiang Steel Industry And Trade Co.,Ltd",0-100 (Net 0),0%,100%,0%,0
,Z-CN-00050 ,Zeee Power,Z-CN-00050 Zeee Power,30/70 (Net 30),30%,30%,0%,30
,Z-CN-00055,"Zhejiang Sun-Rain Industrial Co .,Ltd","Z-CN-00055 Zhejiang Sun-Rain Industrial Co .,Ltd",30/70 (Net 30),30%,30%,0%,30
,Z-CN-00056 ,"Zhejiang Intech Smart Office Co.,Ltd.","Z-CN-00056 Zhejiang Intech Smart Office Co.,Ltd.",NET 30,0%,0%,0%,30
,Z-CN-00057,"Zhejiang Detong Intelligent Outdoor Leisure Products Co., Ltd.","Z-CN-00057 Zhejiang Detong Intelligent Outdoor Leisure Products Co., Ltd.",30-70 (Net 30),30%,30%,0%,30
,Z-CN-00058 ,"Zhejiang Chunzhou Aluminium Industry Co., Ltd","Z-CN-00058 Zhejiang Chunzhou Aluminium Industry Co., Ltd",30-70 (Net 0),30%,100%,70%,0
,N-CN-00014,"Ningbo Newland Magnet Industry Trade Co., Ltd","N-CN-00014 Ningbo Newland Magnet Industry Trade Co., Ltd",PIA 20-80,20%,100%,80%,0
,R-US-00011,"R&D Printing, Inc.","R-US-00011 R&D Printing, Inc.",NET 30,0%,0%,0%,30
,T-US-000245,"Tropical Product, Incorporated","T-US-000245 Tropical Product, Incorporated",Net 15,0%,0%,0%,15
,Z-CN-00037,"Zhejiang Haers Vacuum Containers Co.,Ltd.","Z-CN-00037 Zhejiang Haers Vacuum Containers Co.,Ltd.",30-70 (Net 0),30%,100%,70%,0
,S-CN-00134,Shenzhen 91ballpen Stationery Co. Ltd,S-CN-00134 Shenzhen 91ballpen Stationery Co. Ltd,30-70 (Net 0),30%,100%,70%,0
,W-TW-00001,"Wah Yung Enterprises CO., LTD.","W-TW-00001 Wah Yung Enterprises CO., LTD.",30-70 (Net 0),30%,100%,70%,0
,H-VT-00001,Hoang Khang VY Co Ltd,H-VT-00001 Hoang Khang VY Co Ltd,Net 0,0%,100%,0%,0
,H-CN-00066,Hebei Houde Hanfang Medical Devices Group Co.Ltd,H-CN-00066 Hebei Houde Hanfang Medical Devices Group Co.Ltd,30/70,30%,30%,0%,30
,N-CN-00039,"Nergal Technology Co., ltd.","N-CN-00039 Nergal Technology Co., ltd.",30-70 (Net 0),30%,100%,70%,0
,P-HK-00001,Pacific Honour,P-HK-00001 Pacific Honour,30-70 (Net 0),30%,100%,70%,0
,D-CN-00029,Dalian Crystal Coast,D-CN-00029 Dalian Crystal Coast,30-70 (Net 0),30%,100%,70%,0
,W-CN-00002,Wintex Shanghai Decoration Corporation,W-CN-00002 Wintex Shanghai Decoration Corporation,30-70 (Net 0),30%,100%,70%,0
,S-US-00053,SmartFragrances LLC,S-US-00053 SmartFragrances LLC,,,,0%,
,D-US-00022,"Danbury Square Box Company, Inc.","D-US-00022 Danbury Square Box Company, Inc.",,,,0%,
,Y-CN-00020,"Yiwu Deyi Trading Co., Ltd","Y-CN-00020 Yiwu Deyi Trading Co., Ltd",30-70 (Net 0),30%,100%,70%,0
,H-CN-00001,"Hangzhou Comfort&Health Homeware Co, Ltd","H-CN-00001 Hangzhou Comfort&Health Homeware Co, Ltd",30-70 (Net 0),30%,100%,70%,0
,Q-CN-00028,QZ Huaxin Bag Factory,Q-CN-00028 QZ Huaxin Bag Factory,30-70 (Net 0),30%,100%,70%,0
,O-US-00007,O.Berk Company of New England,O-US-00007 O.Berk Company of New England,100% Prepay,100%,100%,0%,0
,M-CN-00015,Mayllinebe Cosmetics,M-CN-00015 Mayllinebe Cosmetics,NET 30,0%,0%,0%,30
,suppE-CN-00012 ,"Ever Bright (Shen Zhen) Packing Co., Ltd.","suppE-CN-00012 Ever Bright (Shen Zhen) Packing Co., Ltd.",NET 30,0%,0%,0%,30
,S-US-00054,"Scent2market, Inc.","S-US-00054 Scent2market, Inc.",,,,0%,
,U-CN-00006,UZ Technology (Shenzhen) Company Limited,U-CN-00006 UZ Technology (Shenzhen) Company Limited,30-70 (Net 0),30%,100%,70%,0
,L-US-00014,LANXESS Corporation,L-US-00014 LANXESS Corporation,100% Prepay,100%,100%,0%,0
,J-CN-00018,Jili Ruicheng ,J-CN-00018 Jili Ruicheng,,,,0%,
,S-CN-00101,"Shantou Golden Bright Toys Co.,Ltd","S-CN-00101 Shantou Golden Bright Toys Co.,Ltd",30-70 (Net 0),30%,100%,70%,0
,E-US-00018,Ecometics,E-US-00018 Ecometics,,,,0%,
,D-CN-00043,"Dongguan Xiangquan printing Co., LTD","D-CN-00043 Dongguan Xiangquan printing Co., LTD",NET 30,0%,0%,0%,30
,J-CN-00003,"Jinhua DKS Sports Goods Co., Ltd","J-CN-00003 Jinhua DKS Sports Goods Co., Ltd",NET 30,0%,0%,0%,30
,Z-CN-00035,"Zhejiang Kaisi Outdoor Products Co.,Ltd",,NET 30,0%,0%,0%,30
,M-IN-00002,Marvellite Aromatics Private Limited,,NET 30,0%,0%,0%,30
,,,,Net 15,0%,0%,0%,15
,,,,Net 15,0%,0%,0%,15
,,,,T/T 30% deposit 70 % balance,30%,70%,40%,0
,,,,T/T 30% deposit 70 % balance,30%,70%,40%,0
,,,,30% prepayment/70% against B/L,30%,70%,40%,0
,,,,30% prepayment/70% against B/L,30%,70%,40%,0
,,,,T/T 30% deposit 70 % balance,30%,70%,40%,0
,,,,30% prepayment/70% against B/L,30%,70%,40%,0
,,,,30% prepayment/70% against B/L,30%,70%,40%,0
,,,,PIA 20-80,20%,100%,80%,0
,,,,PIA 30-70,30%,100%,70%,0
,,,,T/T; 100% before production,100%,0%,0%,0
,,,,100% after production,0%,0%,100%,0
,,,,PIA 40-60,40%,100%,60%,
